run,profile,suite,concurrency,round,completed,failed,duration_s,input_tokens,output_tokens,output_throughput,p50_ttft_ms,p95_ttft_ms,p50_tpot_ms,p95_tpot_ms,p50_e2el_ms,source
ep-nccl-20261003T091444Z,ep-nccl,main,1,1,16,0,33.16778558003716,16384,4096,123.49332125643254,283.1477514700964,301.19523097528145,7.008922897626226,7.047552805549155,2071.3838305091485,data/raw/2026-10-03/runs/ep-nccl-20261003T091444Z/bench/main/main-i1024-o256-c1-r1.json
ep-nccl-20261003T091444Z,ep-nccl,main,1,2,16,0,33.228551923064515,16384,4096,123.26748422512193,277.76179905049503,289.45413272595033,7.051217141469904,7.0814597048321914,2075.358510017395,data/raw/2026-10-03/runs/ep-nccl-20261003T091444Z/bench/main/main-i1024-o256-c1-r2.json
ep-nccl-20261003T091444Z,ep-nccl,main,2,1,16,0,21.109568289946765,16384,4096,194.03523292092532,401.8150505144149,540.5886050430126,8.737389142990258,9.315772447050275,2640.898854006082,data/raw/2026-10-03/runs/ep-nccl-20261003T091444Z/bench/main/main-i1024-o256-c2-r1.json
ep-nccl-20261003T091444Z,ep-nccl,main,2,2,16,0,21.2642769808881,16384,4096,192.62352553446337,409.2701955232769,556.1593095189892,8.786490009915012,9.567071734379759,2667.4852210562676,data/raw/2026-10-03/runs/ep-nccl-20261003T091444Z/bench/main/main-i1024-o256-c2-r2.json
ep-nccl-20261003T091444Z,ep-nccl,main,4,1,32,0,29.872661327943206,32768,8192,274.23067232168955,930.121022509411,1097.6419155253097,11.01781188044697,13.886539282176791,3743.7954529887065,data/raw/2026-10-03/runs/ep-nccl-20261003T091444Z/bench/main/main-i1024-o256-c4-r1.json
ep-nccl-20261003T091444Z,ep-nccl,main,4,2,32,0,30.12173638306558,32768,8192,271.96307330428453,936.1711294623092,1109.579189948272,11.035594731277111,13.868874163120328,3749.3809529114515,data/raw/2026-10-03/runs/ep-nccl-20261003T091444Z/bench/main/main-i1024-o256-c4-r2.json
ep-nccl-20261003T091444Z,ep-nccl,main,8,1,64,0,44.411110845860094,65536,16384,368.91668971903863,827.1537714172155,1903.0572652933186,18.182402042964217,20.662499148919082,5572.174577508122,data/raw/2026-10-03/runs/ep-nccl-20261003T091444Z/bench/main/main-i1024-o256-c8-r1.json
ep-nccl-20261003T091444Z,ep-nccl,main,8,2,64,0,45.01098732999526,65536,16384,364.0000135940525,810.2075959322974,1873.3904759748837,18.6617615605321,21.116182665824525,5776.8101869151,data/raw/2026-10-03/runs/ep-nccl-20261003T091444Z/bench/main/main-i1024-o256-c8-r2.json
ep-nccl-20261003T091444Z,ep-nccl,smoke,1,1,4,0,0.6403835660312325,256,64,99.9401037047828,54.43018313962966,54.485683515667915,7.013377135929962,7.055158199121555,159.6757461084053,data/raw/2026-10-03/runs/ep-nccl-20261003T091444Z/bench/smoke/smoke-i64-o16-c1-r1.json
ep-nccl-profile-20261003T104909Z,ep-nccl-profile,profile,1,1,2,0,1.0273954269941896,2048,64,62.2934444892774,294.8114308528602,294.8838484007865,7.044104292177625,7.050163526042936,513.1786639103666,data/raw/2026-10-03/runs/ep-nccl-profile-20261003T104909Z/bench/profile/profile-i1024-o32-c1-r1.json
ep-nccl-profile-20261003T104909Z,ep-nccl-profile,profile8,8,1,8,0,2.5563398259691894,8192,256,100.14318026084122,1619.6668684715405,2161.9363710051402,29.713648998539053,65.32679486929649,2540.72631301824,data/raw/2026-10-03/runs/ep-nccl-profile-20261003T104909Z/bench/profile8/profile8-i1024-o32-c8-r1.json
tp-nccl-eager-20261003T081202Z,tp-nccl-eager,main,1,1,16,0,240.32634459715337,16384,4096,17.043491452699094,306.14272237289697,311.31645978894085,57.76079255110566,58.58430958572117,15027.832495979965,data/raw/2026-10-03/runs/tp-nccl-eager-20261003T081202Z/bench/main/main-i1024-o256-c1-r1.json
tp-nccl-eager-20261003T081202Z,tp-nccl-eager,main,1,2,16,0,239.6184711388778,16384,4096,17.093840806729983,298.1039644218981,308.88073542155325,57.57766322132346,58.48977877164953,14980.082499911077,data/raw/2026-10-03/runs/tp-nccl-eager-20261003T081202Z/bench/main/main-i1024-o256-c1-r2.json
tp-nccl-eager-20261003T081202Z,tp-nccl-eager,main,2,1,16,0,124.3129319830332,16384,4096,32.94910621655228,485.8492149505764,572.7413700660691,59.00875502311643,60.200981179471405,15490.259690908715,data/raw/2026-10-03/runs/tp-nccl-eager-20261003T081202Z/bench/main/main-i1024-o256-c2-r1.json
tp-nccl-eager-20261003T081202Z,tp-nccl-eager,main,2,2,16,0,123.10201286803931,16384,4096,33.27321710320656,480.61629303265363,570.9230502252467,58.48817490589092,59.401572517612394,15368.773810914718,data/raw/2026-10-03/runs/tp-nccl-eager-20261003T081202Z/bench/main/main-i1024-o256-c2-r2.json
tp-nccl-eager-20261003T081202Z,tp-nccl-eager,main,4,1,32,0,126.12902788096108,32768,8192,64.949362867773,559.3684625346214,925.1220001489854,59.357969739529146,60.848764405339296,15695.5415076809,data/raw/2026-10-03/runs/tp-nccl-eager-20261003T081202Z/bench/main/main-i1024-o256-c4-r1.json
tp-nccl-eager-20261003T081202Z,tp-nccl-eager,main,4,2,32,0,126.26514393091202,32768,8192,64.87934631019296,556.0492884833366,941.9969772105103,59.33161924921852,60.73538984473356,15675.8955050027,data/raw/2026-10-03/runs/tp-nccl-eager-20261003T081202Z/bench/main/main-i1024-o256-c4-r2.json
tp-nccl-eager-20261003T081202Z,tp-nccl-eager,main,8,1,64,0,135.29138785717078,65536,16384,121.10157386586087,577.9640730470419,1811.263732938096,63.07042157277465,64.32754043581002,16796.268137404695,data/raw/2026-10-03/runs/tp-nccl-eager-20261003T081202Z/bench/main/main-i1024-o256-c8-r1.json
tp-nccl-eager-20261003T081202Z,tp-nccl-eager,main,8,2,64,0,134.56423149816692,65536,16384,121.7559808991529,584.5359184313565,1833.0249567399733,62.499039041280156,64.32481754831421,16815.396400052123,data/raw/2026-10-03/runs/tp-nccl-eager-20261003T081202Z/bench/main/main-i1024-o256-c8-r2.json
tp-nccl-eager-20261003T081202Z,tp-nccl-eager,smoke,1,1,4,0,3.722083796048537,256,64,17.194669305388583,63.14874649979174,63.449226156808436,57.72440556902439,58.47263470990584,929.2903899913654,data/raw/2026-10-03/runs/tp-nccl-eager-20261003T081202Z/bench/smoke/smoke-i64-o16-c1-r1.json
tp-nccl-graph-20261003T075549Z,tp-nccl,main,1,1,16,0,31.44813660904765,16384,4096,130.24619076545153,298.9207939244807,306.49103928590193,6.54143529040191,6.5723524015743795,1965.2918730862439,data/raw/2026-10-03/runs/tp-nccl-graph-20261003T075549Z/bench/main/main-i1024-o256-c1-r1.json
tp-nccl-graph-20261003T075549Z,tp-nccl,main,1,2,16,0,31.472964179934934,16384,4096,130.1434455484602,289.0662584686652,300.07821187609807,6.571502066399976,6.589750500907209,1964.8704424034804,data/raw/2026-10-03/runs/tp-nccl-graph-20261003T075549Z/bench/main/main-i1024-o256-c1-r2.json
tp-nccl-graph-20261003T075549Z,tp-nccl,main,2,1,16,0,20.41012957203202,16384,4096,200.68466422735233,432.0191009901464,579.9532303935848,8.318148117841167,8.957467220641453,2542.289567994885,data/raw/2026-10-03/runs/tp-nccl-graph-20261003T075549Z/bench/main/main-i1024-o256-c2-r1.json
tp-nccl-graph-20261003T075549Z,tp-nccl,main,2,2,16,0,20.438187771942466,16384,4096,200.40915788155087,427.29757190681994,559.5432689297013,8.281111305433454,9.12103505586,2570.3534139320254,data/raw/2026-10-03/runs/tp-nccl-graph-20261003T075549Z/bench/main/main-i1024-o256-c2-r2.json
tp-nccl-graph-20261003T075549Z,tp-nccl,main,4,1,32,0,28.131368760950863,32768,8192,291.2051692049663,921.7795525910333,1092.195302399341,10.23055113733326,12.846688966942477,3526.569731067866,data/raw/2026-10-03/runs/tp-nccl-graph-20261003T075549Z/bench/main/main-i1024-o256-c4-r1.json
tp-nccl-graph-20261003T075549Z,tp-nccl,main,4,2,32,0,28.345898655010387,32768,8192,289.0012449314953,943.914063507691,1098.574145580642,10.237692666294821,12.930141086918393,3517.458963440731,data/raw/2026-10-03/runs/tp-nccl-graph-20261003T075549Z/bench/main/main-i1024-o256-c4-r2.json
tp-nccl-graph-20261003T075549Z,tp-nccl,main,8,1,64,0,41.37949443096295,65536,16384,395.9449052074541,1304.7900890232995,1845.2647625701502,15.24131400601975,19.151584304020027,5206.682399497367,data/raw/2026-10-03/runs/tp-nccl-graph-20261003T075549Z/bench/main/main-i1024-o256-c8-r1.json
tp-nccl-graph-20261003T075549Z,tp-nccl,main,8,2,64,0,42.14211111306213,65536,16384,388.77976369156573,1097.3465099232271,1881.5812856541015,16.219531456647694,19.587593932143026,5268.9140199217945,data/raw/2026-10-03/runs/tp-nccl-graph-20261003T075549Z/bench/main/main-i1024-o256-c8-r2.json
tp-nccl-graph-20261003T075549Z,tp-nccl,smoke,1,1,4,0,0.619312979048118,256,64,103.34031768293923,56.56881153117865,57.36386103089899,6.52796816236029,6.559790119839212,154.4125354848802,data/raw/2026-10-03/runs/tp-nccl-graph-20261003T075549Z/bench/smoke/smoke-i64-o16-c1-r1.json
tp-nccl-profile-20261003T103620Z,tp-nccl-profile,profile,1,1,2,0,1.0384081779047847,2048,64,61.63279658403113,314.203460002318,315.46612854581326,6.593448936098045,6.604358997015703,518.6003770213574,data/raw/2026-10-03/runs/tp-nccl-profile-20261003T103620Z/bench/profile/profile-i1024-o32-c1-r1.json
tp-nccl-profile-20261003T103620Z,tp-nccl-profile,profile8,8,1,8,0,2.478843427961692,8192,256,103.27396926820188,1569.7808135300875,2099.5597374043427,28.838461629235216,62.695960721917324,2463.773124036379,data/raw/2026-10-03/runs/tp-nccl-profile-20261003T103620Z/bench/profile8/profile8-i1024-o32-c8-r1.json
