run,profile,concurrency,rounds,completed,failed,output_throughput_round_mean,p50_ttft_ms_round_mean,p95_ttft_ms_round_mean,p50_tpot_ms_round_mean,p95_tpot_ms_round_mean,p50_e2el_ms_round_mean,throughput_round_spread_pct
ep-nccl-20261003T091444Z,ep-nccl,1,2,32,0,123.38040274077724,280.4547752602957,295.3246818506159,7.030070019548065,7.064506255190674,2073.371170263272,0.18304124990180876
ep-nccl-20261003T091444Z,ep-nccl,2,2,32,0,193.32937922769435,405.5426230188459,548.3739572810009,8.761939576452635,9.441422090715017,2654.1920375311747,0.7302084101761441
ep-nccl-20261003T091444Z,ep-nccl,4,2,64,0,273.09687281298704,933.1460759858601,1103.6105527367909,11.026703305862041,13.87770672264856,3746.588202950079,0.8303277126713343
ep-nccl-20261003T091444Z,ep-nccl,8,2,128,0,366.4583516565456,818.6806836747564,1888.223870634101,18.422081801748156,20.889340907371803,5674.492382211611,1.3416739181303063
tp-nccl-eager-20261003T081202Z,tp-nccl-eager,1,2,32,0,17.068666129714536,302.12334339739755,310.09859760524705,57.66922788621456,58.53704417868535,15003.957497945521,0.29498118744754465
tp-nccl-eager-20261003T081202Z,tp-nccl-eager,2,2,32,0,33.11116165987942,483.232753991615,571.8322101456579,58.748464964503675,59.8012768485419,15429.516750911716,0.9788568881502117
tp-nccl-eager-20261003T081202Z,tp-nccl-eager,4,2,64,0,64.91435458898297,557.708875508979,933.5594886797478,59.34479449437383,60.79207712503643,15685.7185063418,0.10785989943729615
tp-nccl-eager-20261003T081202Z,tp-nccl-eager,8,2,128,0,121.4287773825069,581.2499957391992,1822.1443448390346,62.7847303070274,64.32617899206213,16805.83226872841,0.5389225251199026
tp-nccl-graph-20261003T075549Z,tp-nccl,1,2,32,0,130.19481815695588,293.99352619657293,303.284625581,6.556468678400943,6.5810514512407945,1965.0811577448621,0.07891651791200577
tp-nccl-graph-20261003T075549Z,tp-nccl,2,2,32,0,200.54691105445158,429.65833644848317,569.7482496616431,8.29962971163731,9.039251138250727,2556.3214909634553,0.13737750651599723
tp-nccl-graph-20261003T075549Z,tp-nccl,4,2,64,0,290.1032070682308,932.8468080493622,1095.3847239899915,10.23412190181404,12.888415026930435,3522.0143472542986,0.7597035192212256
tp-nccl-graph-20261003T075549Z,tp-nccl,8,2,128,0,392.36233444950994,1201.0682994732633,1863.4230241121259,15.730422731333721,19.369589118081528,5237.798209709581,1.8261542678252138
