profile,phase,steps,group,kernel_count,kernel_sum_ms,pct_kernel_sum,ms_per_step,source
TP,pure_decode_batch8,26,MoE Marlin,2496,114.41032300000002,40.1875894898894,4.40039703846154,data/raw/2026-10-03/runs/tp-nccl-profile-20261003T103620Z/traces/dp0_pp0_tp0_dcp0_ep0_rank0.1791024303917772572.pt.trace.json.gz
TP,pure_decode_batch8,26,NCCL AllReduce,2522,72.9820879999999,25.63557304753854,2.807003384615381,data/raw/2026-10-03/runs/tp-nccl-profile-20261003T103620Z/traces/dp0_pp0_tp0_dcp0_ep0_rank0.1791024303917772572.pt.trace.json.gz
TP,pure_decode_batch8,26,FlashAttention,2496,31.738711999999975,11.148489885775648,1.2207196923076913,data/raw/2026-10-03/runs/tp-nccl-profile-20261003T103620Z/traces/dp0_pp0_tp0_dcp0_ep0_rank0.1791024303917772572.pt.trace.json.gz
TP,pure_decode_batch8,26,Dense Marlin,2496,24.090791999999972,8.46209357683843,0.926568923076922,data/raw/2026-10-03/runs/tp-nccl-profile-20261003T103620Z/traces/dp0_pp0_tp0_dcp0_ep0_rank0.1791024303917772572.pt.trace.json.gz
TP,pure_decode_batch8,26,Other,10224,20.069343000000337,7.049525747915236,0.7718978076923206,data/raw/2026-10-03/runs/tp-nccl-profile-20261003T103620Z/traces/dp0_pp0_tp0_dcp0_ep0_rank0.1791024303917772572.pt.trace.json.gz
TP,pure_decode_batch8,26,Triton,3770,9.965121999999896,3.5003330263534114,0.3832739230769191,data/raw/2026-10-03/runs/tp-nccl-profile-20261003T103620Z/traces/dp0_pp0_tp0_dcp0_ep0_rank0.1791024303917772572.pt.trace.json.gz
TP,pure_decode_batch8,26,Routing alignment,2496,6.000069,2.107574767383631,0.23077188461538461,data/raw/2026-10-03/runs/tp-nccl-profile-20261003T103620Z/traces/dp0_pp0_tp0_dcp0_ep0_rank0.1791024303917772572.pt.trace.json.gz
TP,pure_decode_batch8,26,Router top-k,1248,5.434233999999972,1.908820458307756,0.20900899999999892,data/raw/2026-10-03/runs/tp-nccl-profile-20261003T103620Z/traces/dp0_pp0_tp0_dcp0_ep0_rank0.1791024303917772572.pt.trace.json.gz
EP,pure_decode_batch8,26,MoE Marlin,2496,120.27493100000046,40.32565735444152,4.625958884615402,data/raw/2026-10-03/runs/ep-nccl-profile-20261003T104909Z/traces/dp0_pp0_tp0_dcp0_ep0_rank0.1791024794939365424.pt.trace.json.gz
EP,pure_decode_batch8,26,NCCL AllReduce,2522,76.63949599999994,25.695612791605566,2.9476729230769205,data/raw/2026-10-03/runs/ep-nccl-profile-20261003T104909Z/traces/dp0_pp0_tp0_dcp0_ep0_rank0.1791024794939365424.pt.trace.json.gz
EP,pure_decode_batch8,26,FlashAttention,2496,31.619730999999845,10.601431464929307,1.216143499999994,data/raw/2026-10-03/runs/ep-nccl-profile-20261003T104909Z/traces/dp0_pp0_tp0_dcp0_ep0_rank0.1791024794939365424.pt.trace.json.gz
EP,pure_decode_batch8,26,Dense Marlin,2496,23.996804000000004,8.04562420165253,0.9229540000000002,data/raw/2026-10-03/runs/ep-nccl-profile-20261003T104909Z/traces/dp0_pp0_tp0_dcp0_ep0_rank0.1791024794939365424.pt.trace.json.gz
EP,pure_decode_batch8,26,Other,10224,23.06202399999959,7.732212107641006,0.8870009230769073,data/raw/2026-10-03/runs/ep-nccl-profile-20261003T104909Z/traces/dp0_pp0_tp0_dcp0_ep0_rank0.1791024794939365424.pt.trace.json.gz
EP,pure_decode_batch8,26,Triton,3770,10.762571999999926,3.608464266959352,0.4139450769230741,data/raw/2026-10-03/runs/ep-nccl-profile-20261003T104909Z/traces/dp0_pp0_tp0_dcp0_ep0_rank0.1791024794939365424.pt.trace.json.gz
EP,pure_decode_batch8,26,Routing alignment,2496,6.490737000000139,2.176207743904673,0.2496437307692361,data/raw/2026-10-03/runs/ep-nccl-profile-20261003T104909Z/traces/dp0_pp0_tp0_dcp0_ep0_rank0.1791024794939365424.pt.trace.json.gz
EP,pure_decode_batch8,26,Router top-k,1248,5.412776000000021,1.8147900688660097,0.20818369230769312,data/raw/2026-10-03/runs/ep-nccl-profile-20261003T104909Z/traces/dp0_pp0_tp0_dcp0_ep0_rank0.1791024794939365424.pt.trace.json.gz
