timestamp, index, memory.used [MiB], utilization.gpu [%], power.draw [W], temperature.gpu, clocks.current.sm [MHz], clocks.current.memory [MHz]
2026/10/03 17:26:30.929, 0, 20888 MiB, 0 %, 25.71 W, 33, 210 MHz, 405 MHz
2026/10/03 17:26:30.948, 1, 20888 MiB, 0 %, 26.20 W, 30, 210 MHz, 405 MHz
2026/10/03 17:26:31.966, 0, 20888 MiB, 0 %, 25.71 W, 33, 210 MHz, 405 MHz
2026/10/03 17:26:31.966, 1, 20888 MiB, 0 %, 26.20 W, 30, 210 MHz, 405 MHz
2026/10/03 17:26:32.966, 0, 20888 MiB, 0 %, 25.75 W, 33, 210 MHz, 405 MHz
2026/10/03 17:26:32.966, 1, 20888 MiB, 0 %, 26.05 W, 30, 210 MHz, 405 MHz
2026/10/03 17:26:33.966, 0, 20888 MiB, 0 %, 25.63 W, 33, 210 MHz, 405 MHz
2026/10/03 17:26:33.966, 1, 20888 MiB, 0 %, 26.03 W, 30, 210 MHz, 405 MHz
2026/10/03 17:26:34.966, 0, 20888 MiB, 0 %, 25.64 W, 33, 210 MHz, 405 MHz
2026/10/03 17:26:34.966, 1, 20888 MiB, 0 %, 26.16 W, 30, 210 MHz, 405 MHz
2026/10/03 17:26:35.967, 0, 20888 MiB, 0 %, 25.82 W, 33, 210 MHz, 405 MHz
2026/10/03 17:26:35.967, 1, 20888 MiB, 0 %, 26.08 W, 30, 210 MHz, 405 MHz
2026/10/03 17:26:36.967, 0, 20888 MiB, 0 %, 25.82 W, 33, 210 MHz, 405 MHz
2026/10/03 17:26:36.967, 1, 20888 MiB, 0 %, 26.14 W, 30, 210 MHz, 405 MHz
2026/10/03 17:26:37.967, 0, 20888 MiB, 0 %, 25.87 W, 33, 210 MHz, 405 MHz
2026/10/03 17:26:37.967, 1, 20888 MiB, 0 %, 26.20 W, 30, 210 MHz, 405 MHz
2026/10/03 17:26:38.967, 0, 20888 MiB, 0 %, 25.92 W, 33, 210 MHz, 405 MHz
2026/10/03 17:26:38.968, 1, 20888 MiB, 0 %, 25.87 W, 30, 210 MHz, 405 MHz
2026/10/03 17:26:39.968, 0, 20888 MiB, 0 %, 25.86 W, 33, 210 MHz, 405 MHz
2026/10/03 17:26:39.968, 1, 20888 MiB, 0 %, 25.77 W, 30, 210 MHz, 405 MHz
2026/10/03 17:26:40.968, 0, 20890 MiB, 76 %, 46.21 W, 38, 1995 MHz, 9501 MHz
2026/10/03 17:26:40.968, 1, 20890 MiB, 91 %, 53.33 W, 33, 1695 MHz, 9501 MHz
